{
  "label": "Custom_10_0_0_1",
  "matrix": [
    [
      10,
      0
    ],
    [
      0,
      1
    ]
  ],
  "error_classical": 3.045479368881606e-15,
  "error_quantum": 1.067525293021886e-14
}