{
  "label": "Custom_100000_0_0_1",
  "matrix": [
    [
      100000,
      0
    ],
    [
      0,
      1
    ]
  ],
  "error_classical": 1.995548150166331e-11,
  "error_quantum": 7.000333270389504e-11
}