{
  "label": "Custom_100_0_0_1",
  "matrix": [
    [
      100,
      0
    ],
    [
      0,
      1
    ]
  ],
  "error_classical": 2.0770882340376244e-14,
  "error_quantum": 7.364512531461844e-14
}