{
  "label": "Custom_100_0_0_01",
  "matrix": [
    [
      100.0,
      0.0
    ],
    [
      0.0,
      0.1
    ]
  ],
  "error_classical": 2.4655436609078764e-14,
  "error_quantum": 7.559948292586161e-14
}