{
  "label": "Custom_1_1_100000_3x3",
  "matrix": [
    [
      1.0,
      0.0,
      0.0
    ],
    [
      0.0,
      1.0,
      0.0
    ],
    [
      0.0,
      0.0,
      100000.0
    ]
  ],
  "error_classical": 2.7074898117491364e-11,
  "error_quantum": 4.4500943287162984e-11
}