{
  "label": "Custom_10_1_1_3x3",
  "matrix": [
    [
      10.0,
      0.0,
      0.0
    ],
    [
      0.0,
      1.0,
      0.0
    ],
    [
      0.0,
      0.0,
      1.0
    ]
  ],
  "error_classical": 1.849719119994405e-15,
  "error_quantum": 6.13059389496441e-15
}