{
  "label": "Custom_1_100_01_3x3",
  "matrix": [
    [
      1.0,
      0.0,
      0.0
    ],
    [
      0.0,
      100.0,
      0.0
    ],
    [
      0.0,
      0.0,
      0.1
    ]
  ],
  "error_classical": 3.957630954885432e-14,
  "error_quantum": 5.573484162704428e-14
}