{
  "label": "Custom_3_1_05_3x3",
  "matrix": [
    [
      3.0,
      1.0,
      0.5
    ],
    [
      1.0,
      3.0,
      1.0
    ],
    [
      0.5,
      1.0,
      3.0
    ]
  ],
  "error_classical": 1.3253525728518172e-15,
  "error_quantum": 4.364906516114416e-15
}