{
  "label": "Custom_1_100_1_3x3",
  "matrix": [
    [
      1.0,
      0.0,
      0.0
    ],
    [
      0.0,
      100.0,
      0.0
    ],
    [
      0.0,
      0.0,
      1.0
    ]
  ],
  "error_classical": 2.8328455141742416e-15,
  "error_quantum": 2.8526167695177534e-14
}