{
  "label": "Identity",
  "matrix": [
    [
      1.0,
      0.0,
      0.0
    ],
    [
      0.0,
      1.0,
      0.0
    ],
    [
      0.0,
      0.0,
      1.0
    ]
  ],
  "error_classical": 1.755971599528969e-15,
  "error_quantum": 1.8947554254237663e-15
}