{
  "label": "Custom_3_1_1_2",
  "matrix": [
    [
      3,
      1
    ],
    [
      1,
      2
    ]
  ],
  "error_classical": 2.2536584582356865e-15,
  "error_quantum": 2.5882511271337354e-15
}