{
  "label": "Custom_100000_0_0_1",
  "matrix": [
    [
      100000,
      0
    ],
    [
      0,
      1
    ]
  ],
  "condition_number": 15792.52495541339,
  "error_classical": 1.216764453605305e-14,
  "error_quantum": 8.155344638247105e-14
}