{
  "label": "Custom_100_0_0_01",
  "matrix": [
    [
      100.0,
      0.0
    ],
    [
      0.0,
      0.1
    ]
  ],
  "condition_number": 16.807158408784716,
  "error_classical": 3.258012745022533e-16,
  "error_quantum": 8.020033202613673e-14
}