{
  "label": "Identity",
  "matrix": [
    [
      1.0,
      0.0
    ],
    [
      0.0,
      1.0
    ]
  ],
  "condition_number": 81.85179925372402,
  "error_classical": 4.6390752278606545e-14,
  "error_quantum": 5.290768716654885e-14
}