{
  "label": "k_10",
  "k_value": 10,
  "k_squared": 100,
  "error_classical": 5.415377939153404e-15,
  "error_quantum": 7.237060897447298e-15
}