{
  "label": "k_1",
  "k_value": 1,
  "k_squared": 1,
  "error_classical": 5.7617148222864205e-15,
  "error_quantum": 1.53647351820819e-14
}