{
  "label": "k_20",
  "k_value": 20,
  "k_squared": 400,
  "error_classical": 1.2983217262984665e-15,
  "error_quantum": 2.3630380243350062e-15
}