{
  "label": "k_2",
  "k_value": 2,
  "k_squared": 4,
  "error_classical": 1.120626076060332e-15,
  "error_quantum": 2.1201559810585327e-15
}