{
  "label": "k_5",
  "k_value": 5,
  "k_squared": 25,
  "error_classical": 5.254989450334945e-15,
  "error_quantum": 1.426351503621112e-14
}